block_num, inflation_rate, percent_staked, total_block_fees, block_len, sign_ratio, atom_staked_v, total_supply, n_validators
12499953,214803168654052.0,0.1287650598647556,0,-1,1.0,14819466,0.9343008817417324,175
12499965,214803182153646.0,0.1287651664132427,0,-1,1.0,14819466,0.9343008663688716,175
12499967,214803182153646.0,0.1287651857857719,0,-1,1.0,14819466,0.9343008663742868,175
12499971,214803197362619.0,0.1287652245309207,0,-1,1.0,14819466,0.9343007308262524,175
12499986,214803181042970.0,0.128765369826487378,0,2022-10-18T17:39:59.544161002Z,1.0,14819466,0.9343007388490262,175
